Filename,Name,Land.InitialMaxHeight
countingsheep.xom,A Good Nights Sleep,0x43f0dfac
leek.xom,A Leek in a Vegetable Patch,0x442a3332
alien.xom,Alien Juice Suckers,0x4457ab59
cooped.xom,All Cooped Up,0x43c3a46a
applecore.xom,Apple Core Island,0x43822a22
tutorial1.xom,Atlantis,0x43c05e93
holiday.xom,Costa Del Danger,0x43fba71a
crate britain.xom,Crate Britain,0x4400a0c3
cropcircle.xom,Crop Circle,0x44101fa1
dday.xom,D-Day,0x43e471ff
crust.xom,Earn Your Crust,0x441512e1
graveyard.xom,Grave Danger,0x43ef06e9
helterskelter.xom,Helter Skelter,0x440b9c29
highstakes.xom,High Stakes,0x442fb21e
pegasus.xom,Hold Until Relieved,0x43c0b331
ice.xom,"Ice, Ice, Maybe",0x43cff6eb
cratefun.xom,Jetpack Challenge 1,0x43e75e17
landing.xom,Movie Mayhem,0x43c5019c
funfair.xom,Nobody Rides For Free,0x44074e83
plaice.xom,Plaice Holder,0x43d8a364
pleasenomoreislands.xom,Please No More Islands,0x43bd0980
pack.xom,Ragnarok and Roll,0x444eaecc
Tutorial3.xom,Return to Chateau Assassin,0x440c4796
schools.xom,Schools in for Summer,0x43b22a15
timbers.xom,Shiver Me Timbers,0x4400ee13
showdown.xom,Showdown at the OK Corale Reef,0x43e1ad42
Deathmatch9.xom,Submission,0x43d4fde2
cherry.xom,Take My Cherry,0x44113984
tutorial5.xom,Test Tubes,0x43f8dadf
driving.xom,The Driving Range,0x44138e9d
Tutorial4.xom,The Mighty Kong,0x449f0a36
treevillage.xom,Tree Village Trouble,0x441b6e1b
Collide.xom,When Annelids Collide,0x44193c59